"t,","29,","4,"," 2.37900972366333,",,,29,4,,1.14,0.16,,"1.14173228346457,","0.15748031496063,",,"1.14173228346457,","0.15748031496063,",,,,,,,,,,,,,,,,,,,,,,,,,,,,,,,,,,,,,,,,,,,,,,,,,,,,,,,,,,,,,,,,,,,,,,,,,,,,,,,,,,,,,,,,,,,,,,,,,,,,,,,,,,,,,,,,,,,,,,,
"t,","31,","7,"," 2.443086862564087,",,,31,7,,1.22,0.28,,"1.22047244094488,","0.275590551181102,",,"1.22047244094488,","0.275590551181102,",,,,,,,,,,,,,,,,,,,,,,,,,,,,,,,,,,,,,,,,,,,,,,,,,,,,,,,,,,,,,,,,,,,,,,,,,,,,,,,,,,,,,,,,,,,,,,,,,,,,,,,,,,,,,,,,,,,,,,,
"t,","91,","-63,"," 2.728898763656616,",,,91,-63,,3.58,-2.48,,"3.58267716535433,","-2.48031496062992,",,"3.58267716535433,","-2.48031496062992,",,,,,,,,,,,,,,,,,,,,,,,,,,,,,,,,,,,,,,,,,,,,,,,,,,,,,,,,,,,,,,,,,,,,,,,,,,,,,,,,,,,,,,,,,,,,,,,,,,,,,,,,,,,,,,,,,,,,,,,
"t,","58,","-42,"," 2.7849035263061523,",,,58,-42,,2.28,-1.65,,"2.28346456692913,","-1.65354330708661,",,"2.28346456692913,","-1.65354330708661,",,,,,,,,,,,,,,,,,,,,,,,,,,,,,,,,,,,,,,,,,,,,,,,,,,,,,,,,,,,,,,,,,,,,,,,,,,,,,,,,,,,,,,,,,,,,,,,,,,,,,,,,,,,,,,,,,,,,,,,
"t,","72,","-27,"," 2.83512806892395,",,,72,-27,,2.83,-1.06,,"2.83464566929134,","-1.06299212598425,",,"2.83464566929134,","-1.06299212598425,",,,,,,,,,,,,,,,,,,,,,,,,,,,,,,,,,,,,,,,,,,,,,,,,,,,,,,,,,,,,,,,,,,,,,,,,,,,,,,,,,,,,,,,,,,,,,,,,,,,,,,,,,,,,,,,,,,,,,,,
"t,","84,","-73,"," 2.878408193588257,",,,84,-73,,3.31,-2.87,,"3.30708661417323,","-2.8740157480315,",,"3.30708661417323,","-2.8740157480315,",,,,,,,,,,,,,,,,,,,,,,,,,,,,,,,,,,,,,,,,,,,,,,,,,,,,,,,,,,,,,,,,,,,,,,,,,,,,,,,,,,,,,,,,,,,,,,,,,,,,,,,,,,,,,,,,,,,,,,,
"t,","84,","-100,"," 2.9532225131988525,",,,84,-100,,3.31,-3.94,,"3.30708661417323,","-3.93700787401575,",,"3.30708661417323,","-3.93700787401575,",,,,,,,,,,,,,,,,,,,,,,,,,,,,,,,,,,,,,,,,,,,,,,,,,,,,,,,,,,,,,,,,,,,,,,,,,,,,,,,,,,,,,,,,,,,,,,,,,,,,,,,,,,,,,,,,,,,,,,,
"t,","75,","-117,"," 2.9918668270111084,",,,75,-117,,2.95,-4.61,,"2.95275590551181,","-4.60629921259843,",,"2.95275590551181,","-4.60629921259843,",,,,,,,,,,,,,,,,,,,,,,,,,,,,,,,,,,,,,,,,,,,,,,,,,,,,,,,,,,,,,,,,,,,,,,,,,,,,,,,,,,,,,,,,,,,,,,,,,,,,,,,,,,,,,,,,,,,,,,,
"t,","110,","-36,"," 3.0441133975982666,",,,110,-36,,4.33,-1.42,,"4.33070866141732,","-1.41732283464567,",,"4.33070866141732,","-1.41732283464567,",,,,,,,,,,,,,,,,,,,,,,,,,,,,,,,,,,,,,,,,,,,,,,,,,,,,,,,,,,,,,,,,,,,,,,,,,,,,,,,,,,,,,,,,,,,,,,,,,,,,,,,,,,,,,,,,,,,,,,,
"t,","114,","-38,"," 3.088789939880371,",,,114,-38,,4.49,-1.50,,"4.48818897637795,","-1.49606299212598,",,"4.48818897637795,","-1.49606299212598,",,,,,,,,,,,,,,,,,,,,,,,,,,,,,,,,,,,,,,,,,,,,,,,,,,,,,,,,,,,,,,,,,,,,,,,,,,,,,,,,,,,,,,,,,,,,,,,,,,,,,,,,,,,,,,,,,,,,,,,
"t,","107,","-33,"," 3.1342833042144775,",,,107,-33,,4.21,-1.30,,"4.21259842519685,","-1.2992125984252,",,"4.21259842519685,","-1.2992125984252,",,,,,,,,,,,,,,,,,,,,,,,,,,,,,,,,,,,,,,,,,,,,,,,,,,,,,,,,,,,,,,,,,,,,,,,,,,,,,,,,,,,,,,,,,,,,,,,,,,,,,,,,,,,,,,,,,,,,,,,
"t,","98,","-38,"," 3.1850662231445312,",,,98,-38,,3.86,-1.50,,"3.85826771653543,","-1.49606299212598,",,"3.85826771653543,","-1.49606299212598,",,,,,,,,,,,,,,,,,,,,,,,,,,,,,,,,,,,,,,,,,,,,,,,,,,,,,,,,,,,,,,,,,,,,,,,,,,,,,,,,,,,,,,,,,,,,,,,,,,,,,,,,,,,,,,,,,,,,,,,
"t,","74,","-50,"," 3.2276265621185303,",,,74,-50,,2.91,-1.97,,"2.91338582677165,","-1.96850393700787,",,"2.91338582677165,","-1.96850393700787,",,,,,,,,,,,,,,,,,,,,,,,,,,,,,,,,,,,,,,,,,,,,,,,,,,,,,,,,,,,,,,,,,,,,,,,,,,,,,,,,,,,,,,,,,,,,,,,,,,,,,,,,,,,,,,,,,,,,,,,
"t,","61,","-54,"," 3.295459032058716,",,,61,-54,,2.40,-2.13,,"2.40157480314961,","-2.1259842519685,",,"2.40157480314961,","-2.1259842519685,",,,,,,,,,,,,,,,,,,,,,,,,,,,,,,,,,,,,,,,,,,,,,,,,,,,,,,,,,,,,,,,,,,,,,,,,,,,,,,,,,,,,,,,,,,,,,,,,,,,,,,,,,,,,,,,,,,,,,,,
"t,","61,","-72,"," 3.3435027599334717,",,,61,-72,,2.40,-2.83,,"2.40157480314961,","-2.83464566929134,",,"2.40157480314961,","-2.83464566929134,",,,,,,,,,,,,,,,,,,,,,,,,,,,,,,,,,,,,,,,,,,,,,,,,,,,,,,,,,,,,,,,,,,,,,,,,,,,,,,,,,,,,,,,,,,,,,,,,,,,,,,,,,,,,,,,,,,,,,,,
"t,","58,","-51,"," 3.392287492752075,",,,58,-51,,2.28,-2.01,,"2.28346456692913,","-2.00787401574803,",,"2.28346456692913,","-2.00787401574803,",,,,,,,,,,,,,,,,,,,,,,,,,,,,,,,,,,,,,,,,,,,,,,,,,,,,,,,,,,,,,,,,,,,,,,,,,,,,,,,,,,,,,,,,,,,,,,,,,,,,,,,,,,,,,,,,,,,,,,,
"t,","36,","-19,"," 3.435490608215332,",,,36,-19,,1.42,-0.75,,"1.41732283464567,","-0.748031496062992,",,"1.41732283464567,","-0.748031496062992,",,,,,,,,,,,,,,,,,,,,,,,,,,,,,,,,,,,,,,,,,,,,,,,,,,,,,,,,,,,,,,,,,,,,,,,,,,,,,,,,,,,,,,,,,,,,,,,,,,,,,,,,,,,,,,,,,,,,,,,
"t,","61,","-24,"," 3.4787254333496094,",,,61,-24,,2.40,-0.94,,"2.40157480314961,","-0.94488188976378,",,"2.40157480314961,","-0.94488188976378,",,,,,,,,,,,,,,,,,,,,,,,,,,,,,,,,,,,,,,,,,,,,,,,,,,,,,,,,,,,,,,,,,,,,,,,,,,,,,,,,,,,,,,,,,,,,,,,,,,,,,,,,,,,,,,,,,,,,,,,
"t,","85,","-44,"," 3.510849714279175,",,,85,-44,,3.35,-1.73,,"3.34645669291339,","-1.73228346456693,",,"3.34645669291339,","-1.73228346456693,",,,,,,,,,,,,,,,,,,,,,,,,,,,,,,,,,,,,,,,,,,,,,,,,,,,,,,,,,,,,,,,,,,,,,,,,,,,,,,,,,,,,,,,,,,,,,,,,,,,,,,,,,,,,,,,,,,,,,,,
"t,","81,","-34,"," 3.54058837890625,",,,81,-34,,3.19,-1.34,,"3.18897637795276,","-1.33858267716535,",,"3.18897637795276,","-1.33858267716535,",,,,,,,,,,,,,,,,,,,,,,,,,,,,,,,,,,,,,,,,,,,,,,,,,,,,,,,,,,,,,,,,,,,,,,,,,,,,,,,,,,,,,,,,,,,,,,,,,,,,,,,,,,,,,,,,,,,,,,,
"t,","44,","-10,"," 3.5820510387420654,",,,44,-10,,1.73,-0.39,,"1.73228346456693,","-0.393700787401575,",,"1.73228346456693,","-0.393700787401575,",,,,,,,,,,,,,,,,,,,,,,,,,,,,,,,,,,,,,,,,,,,,,,,,,,,,,,,,,,,,,,,,,,,,,,,,,,,,,,,,,,,,,,,,,,,,,,,,,,,,,,,,,,,,,,,,,,,,,,,
"t,","89,","-71,"," 3.6390304565429688,",,,89,-71,,3.50,-2.80,,"3.50393700787402,","-2.79527559055118,",,"3.50393700787402,","-2.79527559055118,",,,,,,,,,,,,,,,,,,,,,,,,,,,,,,,,,,,,,,,,,,,,,,,,,,,,,,,,,,,,,,,,,,,,,,,,,,,,,,,,,,,,,,,,,,,,,,,,,,,,,,,,,,,,,,,,,,,,,,,
"t,","110,","-36,"," 3.7012879848480225,",,,110,-36,,4.33,-1.42,,"4.33070866141732,","-1.41732283464567,",,"4.33070866141732,","-1.41732283464567,",,,,,,,,,,,,,,,,,,,,,,,,,,,,,,,,,,,,,,,,,,,,,,,,,,,,,,,,,,,,,,,,,,,,,,,,,,,,,,,,,,,,,,,,,,,,,,,,,,,,,,,,,,,,,,,,,,,,,,,
"t,","130,","-38,"," 3.7420127391815186,",,,130,-38,,5.12,-1.50,,"5.11811023622047,","-1.49606299212598,",,"5.11811023622047,","-1.49606299212598,",,,,,,,,,,,,,,,,,,,,,,,,,,,,,,,,,,,,,,,,,,,,,,,,,,,,,,,,,,,,,,,,,,,,,,,,,,,,,,,,,,,,,,,,,,,,,,,,,,,,,,,,,,,,,,,,,,,,,,,
"t,","124,","22,"," 3.791975259780884,",,,124,22,,4.88,0.87,,"4.88188976377953,","0.866141732283465,",,"4.88188976377953,","0.866141732283465,",,,,,,,,,,,,,,,,,,,,,,,,,,,,,,,,,,,,,,,,,,,,,,,,,,,,,,,,,,,,,,,,,,,,,,,,,,,,,,,,,,,,,,,,,,,,,,,,,,,,,,,,,,,,,,,,,,,,,,,
"t,","121,","9,"," 3.8398313522338867,",,,121,9,,4.76,0.35,,"4.76377952755906,","0.354330708661417,",,"4.76377952755906,","0.354330708661417,",,,,,,,,,,,,,,,,,,,,,,,,,,,,,,,,,,,,,,,,,,,,,,,,,,,,,,,,,,,,,,,,,,,,,,,,,,,,,,,,,,,,,,,,,,,,,,,,,,,,,,,,,,,,,,,,,,,,,,,
"t,","118,","4,"," 3.8712494373321533,",,,118,4,,4.65,0.16,,"4.64566929133858,","0.15748031496063,",,"4.64566929133858,","0.15748031496063,",,,,,,,,,,,,,,,,,,,,,,,,,,,,,,,,,,,,,,,,,,,,,,,,,,,,,,,,,,,,,,,,,,,,,,,,,,,,,,,,,,,,,,,,,,,,,,,,,,,,,,,,,,,,,,,,,,,,,,,
"t,","108,","18,"," 3.9018359184265137,",,,108,18,,4.25,0.71,,"4.25196850393701,","0.708661417322835,",,"4.25196850393701,","0.708661417322835,",,,,,,,,,,,,,,,,,,,,,,,,,,,,,,,,,,,,,,,,,,,,,,,,,,,,,,,,,,,,,,,,,,,,,,,,,,,,,,,,,,,,,,,,,,,,,,,,,,,,,,,,,,,,,,,,,,,,,,,
"t,","105,","10,"," 3.9356653690338135,",,,105,10,,4.13,0.39,,"4.13385826771654,","0.393700787401575,",,"4.13385826771654,","0.393700787401575,",,,,,,,,,,,,,,,,,,,,,,,,,,,,,,,,,,,,,,,,,,,,,,,,,,,,,,,,,,,,,,,,,,,,,,,,,,,,,,,,,,,,,,,,,,,,,,,,,,,,,,,,,,,,,,,,,,,,,,,
"t,","105,","-5,"," 3.983764171600342,",,,105,-5,,4.13,-0.20,,"4.13385826771654,","-0.196850393700787,",,"4.13385826771654,","-0.196850393700787,",,,,,,,,,,,,,,,,,,,,,,,,,,,,,,,,,,,,,,,,,,,,,,,,,,,,,,,,,,,,,,,,,,,,,,,,,,,,,,,,,,,,,,,,,,,,,,,,,,,,,,,,,,,,,,,,,,,,,,,
"t,","92,","17,"," 4.049932479858398,",,,92,17,,3.62,0.67,,"3.62204724409449,","0.669291338582677,",,"3.62204724409449,","0.669291338582677,",,,,,,,,,,,,,,,,,,,,,,,,,,,,,,,,,,,,,,,,,,,,,,,,,,,,,,,,,,,,,,,,,,,,,,,,,,,,,,,,,,,,,,,,,,,,,,,,,,,,,,,,,,,,,,,,,,,,,,,
"t,","59,","3,"," 4.094818592071533,",,,59,3,,2.32,0.12,,"2.32283464566929,","0.118110236220472,",,"2.32283464566929,","0.118110236220472,",,,,,,,,,,,,,,,,,,,,,,,,,,,,,,,,,,,,,,,,,,,,,,,,,,,,,,,,,,,,,,,,,,,,,,,,,,,,,,,,,,,,,,,,,,,,,,,,,,,,,,,,,,,,,,,,,,,,,,,
"t,","62,","6,"," 4.138554334640503,",,,62,6,,2.44,0.24,,"2.44094488188976,","0.236220472440945,",,"2.44094488188976,","0.236220472440945,",,,,,,,,,,,,,,,,,,,,,,,,,,,,,,,,,,,,,,,,,,,,,,,,,,,,,,,,,,,,,,,,,,,,,,,,,,,,,,,,,,,,,,,,,,,,,,,,,,,,,,,,,,,,,,,,,,,,,,,
"t,","47,","-10,"," 4.168176651000977,",,,47,-10,,1.85,-0.39,,"1.8503937007874,","-0.393700787401575,",,"1.8503937007874,","-0.393700787401575,",,,,,,,,,,,,,,,,,,,,,,,,,,,,,,,,,,,,,,,,,,,,,,,,,,,,,,,,,,,,,,,,,,,,,,,,,,,,,,,,,,,,,,,,,,,,,,,,,,,,,,,,,,,,,,,,,,,,,,,
"t,","41,","-5,"," 4.2015745639801025,",,,41,-5,,1.61,-0.20,,"1.61417322834646,","-0.196850393700787,",,"1.61417322834646,","-0.196850393700787,",,,,,,,,,,,,,,,,,,,,,,,,,,,,,,,,,,,,,,,,,,,,,,,,,,,,,,,,,,,,,,,,,,,,,,,,,,,,,,,,,,,,,,,,,,,,,,,,,,,,,,,,,,,,,,,,,,,,,,,
"t,","100,","-23,"," 4.2469482421875,",,,100,-23,,3.94,-0.91,,"3.93700787401575,","-0.905511811023622,",,"3.93700787401575,","-0.905511811023622,",,,,,,,,,,,,,,,,,,,,,,,,,,,,,,,,,,,,,,,,,,,,,,,,,,,,,,,,,,,,,,,,,,,,,,,,,,,,,,,,,,,,,,,,,,,,,,,,,,,,,,,,,,,,,,,,,,,,,,,
"t,","36,","15,"," 4.29488468170166,",,,36,15,,1.42,0.59,,"1.41732283464567,","0.590551181102362,",,"1.41732283464567,","0.590551181102362,",,,,,,,,,,,,,,,,,,,,,,,,,,,,,,,,,,,,,,,,,,,,,,,,,,,,,,,,,,,,,,,,,,,,,,,,,,,,,,,,,,,,,,,,,,,,,,,,,,,,,,,,,,,,,,,,,,,,,,,
"t,","39,","17,"," 4.322298765182495,",,,39,17,,1.54,0.67,,"1.53543307086614,","0.669291338582677,",,"1.53543307086614,","0.669291338582677,",,,,,,,,,,,,,,,,,,,,,,,,,,,,,,,,,,,,,,,,,,,,,,,,,,,,,,,,,,,,,,,,,,,,,,,,,,,,,,,,,,,,,,,,,,,,,,,,,,,,,,,,,,,,,,,,,,,,,,,
"t,","37,","13,"," 4.37811017036438,",,,37,13,,1.46,0.51,,"1.45669291338583,","0.511811023622047,",,"1.45669291338583,","0.511811023622047,",,,,,,,,,,,,,,,,,,,,,,,,,,,,,,,,,,,,,,,,,,,,,,,,,,,,,,,,,,,,,,,,,,,,,,,,,,,,,,,,,,,,,,,,,,,,,,,,,,,,,,,,,,,,,,,,,,,,,,,
"t,","37,","27,"," 4.444447994232178,",,,37,27,,1.46,1.06,,"1.45669291338583,","1.06299212598425,",,"1.45669291338583,","1.06299212598425,",,,,,,,,,,,,,,,,,,,,,,,,,,,,,,,,,,,,,,,,,,,,,,,,,,,,,,,,,,,,,,,,,,,,,,,,,,,,,,,,,,,,,,,,,,,,,,,,,,,,,,,,,,,,,,,,,,,,,,,
"t,","77,","-115,"," 4.494203329086304,",,,77,-115,,3.03,-4.53,,"3.03149606299213,","-4.52755905511811,",,"3.03149606299213,","-4.52755905511811,",,,,,,,,,,,,,,,,,,,,,,,,,,,,,,,,,,,,,,,,,,,,,,,,,,,,,,,,,,,,,,,,,,,,,,,,,,,,,,,,,,,,,,,,,,,,,,,,,,,,,,,,,,,,,,,,,,,,,,,
"t,","54,","9,"," 4.547532558441162,",,,54,9,,2.13,0.35,,"2.1259842519685,","0.354330708661417,",,"2.1259842519685,","0.354330708661417,",,,,,,,,,,,,,,,,,,,,,,,,,,,,,,,,,,,,,,,,,,,,,,,,,,,,,,,,,,,,,,,,,,,,,,,,,,,,,,,,,,,,,,,,,,,,,,,,,,,,,,,,,,,,,,,,,,,,,,,
"t,","43,","16,"," 4.582574844360352,",,,43,16,,1.69,0.63,,"1.69291338582677,","0.62992125984252,",,"1.69291338582677,","0.62992125984252,",,,,,,,,,,,,,,,,,,,,,,,,,,,,,,,,,,,,,,,,,,,,,,,,,,,,,,,,,,,,,,,,,,,,,,,,,,,,,,,,,,,,,,,,,,,,,,,,,,,,,,,,,,,,,,,,,,,,,,,
"t,","50,","18,"," 4.635995388031006,",,,50,18,,1.97,0.71,,"1.96850393700787,","0.708661417322835,",,"1.96850393700787,","0.708661417322835,",,,,,,,,,,,,,,,,,,,,,,,,,,,,,,,,,,,,,,,,,,,,,,,,,,,,,,,,,,,,,,,,,,,,,,,,,,,,,,,,,,,,,,,,,,,,,,,,,,,,,,,,,,,,,,,,,,,,,,,
"t,","50,","41,"," 4.685564756393433,",,,50,41,,1.97,1.61,,"1.96850393700787,","1.61417322834646,",,"1.96850393700787,","1.61417322834646,",,,,,,,,,,,,,,,,,,,,,,,,,,,,,,,,,,,,,,,,,,,,,,,,,,,,,,,,,,,,,,,,,,,,,,,,,,,,,,,,,,,,,,,,,,,,,,,,,,,,,,,,,,,,,,,,,,,,,,,
"t,","45,","36,"," 4.7305309772491455,",,,45,36,,1.77,1.42,,"1.77165354330709,","1.41732283464567,",,"1.77165354330709,","1.41732283464567,",,,,,,,,,,,,,,,,,,,,,,,,,,,,,,,,,,,,,,,,,,,,,,,,,,,,,,,,,,,,,,,,,,,,,,,,,,,,,,,,,,,,,,,,,,,,,,,,,,,,,,,,,,,,,,,,,,,,,,,
"t,","43,","40,"," 4.800760984420776,",,,43,40,,1.69,1.57,,"1.69291338582677,","1.5748031496063,",,"1.69291338582677,","1.5748031496063,",,,,,,,,,,,,,,,,,,,,,,,,,,,,,,,,,,,,,,,,,,,,,,,,,,,,,,,,,,,,,,,,,,,,,,,,,,,,,,,,,,,,,,,,,,,,,,,,,,,,,,,,,,,,,,,,,,,,,,,
"t,","53,","37,"," 4.843681812286377,",,,53,37,,2.09,1.46,,"2.08661417322835,","1.45669291338583,",,"2.08661417322835,","1.45669291338583,",,,,,,,,,,,,,,,,,,,,,,,,,,,,,,,,,,,,,,,,,,,,,,,,,,,,,,,,,,,,,,,,,,,,,,,,,,,,,,,,,,,,,,,,,,,,,,,,,,,,,,,,,,,,,,,,,,,,,,,
"t,","50,","36,"," 4.894083499908447,",,,50,36,,1.97,1.42,,"1.96850393700787,","1.41732283464567,",,"1.96850393700787,","1.41732283464567,",,,,,,,,,,,,,,,,,,,,,,,,,,,,,,,,,,,,,,,,,,,,,,,,,,,,,,,,,,,,,,,,,,,,,,,,,,,,,,,,,,,,,,,,,,,,,,,,,,,,,,,,,,,,,,,,,,,,,,,
"t,","57,","33,"," 4.943371057510376,",,,57,33,,2.24,1.30,,"2.24409448818898,","1.2992125984252,",,"2.24409448818898,","1.2992125984252,",,,,,,,,,,,,,,,,,,,,,,,,,,,,,,,,,,,,,,,,,,,,,,,,,,,,,,,,,,,,,,,,,,,,,,,,,,,,,,,,,,,,,,,,,,,,,,,,,,,,,,,,,,,,,,,,,,,,,,,
"t,","60,","9,"," 4.9908928871154785,",,,60,9,,2.36,0.35,,"2.36220472440945,","0.354330708661417,",,"2.36220472440945,","0.354330708661417,",,,,,,,,,,,,,,,,,,,,,,,,,,,,,,,,,,,,,,,,,,,,,,,,,,,,,,,,,,,,,,,,,,,,,,,,,,,,,,,,,,,,,,,,,,,,,,,,,,,,,,,,,,,,,,,,,,,,,,,
"t,","47,","40,"," 5.035663604736328,",,,47,40,,1.85,1.57,,"1.8503937007874,","1.5748031496063,",,"1.8503937007874,","1.5748031496063,",,,,,,,,,,,,,,,,,,,,,,,,,,,,,,,,,,,,,,,,,,,,,,,,,,,,,,,,,,,,,,,,,,,,,,,,,,,,,,,,,,,,,,,,,,,,,,,,,,,,,,,,,,,,,,,,,,,,,,,
"t,","39,","43,"," 5.087003469467163,",,,39,43,,1.54,1.69,,"1.53543307086614,","1.69291338582677,",,"1.53543307086614,","1.69291338582677,",,,,,,,,,,,,,,,,,,,,,,,,,,,,,,,,,,,,,,,,,,,,,,,,,,,,,,,,,,,,,,,,,,,,,,,,,,,,,,,,,,,,,,,,,,,,,,,,,,,,,,,,,,,,,,,,,,,,,,,
"t,","39,","45,"," 5.134377956390381,",,,39,45,,1.54,1.77,,"1.53543307086614,","1.77165354330709,",,"1.53543307086614,","1.77165354330709,",,,,,,,,,,,,,,,,,,,,,,,,,,,,,,,,,,,,,,,,,,,,,,,,,,,,,,,,,,,,,,,,,,,,,,,,,,,,,,,,,,,,,,,,,,,,,,,,,,,,,,,,,,,,,,,,,,,,,,,
"t,","34,","44,"," 5.177038669586182,",,,34,44,,1.34,1.73,,"1.33858267716535,","1.73228346456693,",,"1.33858267716535,","1.73228346456693,",,,,,,,,,,,,,,,,,,,,,,,,,,,,,,,,,,,,,,,,,,,,,,,,,,,,,,,,,,,,,,,,,,,,,,,,,,,,,,,,,,,,,,,,,,,,,,,,,,,,,,,,,,,,,,,,,,,,,,,
"t,","48,","28,"," 5.206648349761963,",,,48,28,,1.89,1.10,,"1.88976377952756,","1.10236220472441,",,"1.88976377952756,","1.10236220472441,",,,,,,,,,,,,,,,,,,,,,,,,,,,,,,,,,,,,,,,,,,,,,,,,,,,,,,,,,,,,,,,,,,,,,,,,,,,,,,,,,,,,,,,,,,,,,,,,,,,,,,,,,,,,,,,,,,,,,,,
"t,","48,","44,"," 5.246828317642212,",,,48,44,,1.89,1.73,,"1.88976377952756,","1.73228346456693,",,"1.88976377952756,","1.73228346456693,",,,,,,,,,,,,,,,,,,,,,,,,,,,,,,,,,,,,,,,,,,,,,,,,,,,,,,,,,,,,,,,,,,,,,,,,,,,,,,,,,,,,,,,,,,,,,,,,,,,,,,,,,,,,,,,,,,,,,,,
"t,","58,","45,"," 5.295319557189941,",,,58,45,,2.28,1.77,,"2.28346456692913,","1.77165354330709,",,"2.28346456692913,","1.77165354330709,",,,,,,,,,,,,,,,,,,,,,,,,,,,,,,,,,,,,,,,,,,,,,,,,,,,,,,,,,,,,,,,,,,,,,,,,,,,,,,,,,,,,,,,,,,,,,,,,,,,,,,,,,,,,,,,,,,,,,,,
"t,","66,","36,"," 5.3393659591674805,",,,66,36,,2.60,1.42,,"2.59842519685039,","1.41732283464567,",,"2.59842519685039,","1.41732283464567,",,,,,,,,,,,,,,,,,,,,,,,,,,,,,,,,,,,,,,,,,,,,,,,,,,,,,,,,,,,,,,,,,,,,,,,,,,,,,,,,,,,,,,,,,,,,,,,,,,,,,,,,,,,,,,,,,,,,,,,
"t,","57,","34,"," 5.379717588424683,",,,57,34,,2.24,1.34,,"2.24409448818898,","1.33858267716535,",,"2.24409448818898,","1.33858267716535,",,,,,,,,,,,,,,,,,,,,,,,,,,,,,,,,,,,,,,,,,,,,,,,,,,,,,,,,,,,,,,,,,,,,,,,,,,,,,,,,,,,,,,,,,,,,,,,,,,,,,,,,,,,,,,,,,,,,,,,
"t,","56,","23,"," 5.410040616989136,",,,56,23,,2.20,0.91,,"2.20472440944882,","0.905511811023622,",,"2.20472440944882,","0.905511811023622,",,,,,,,,,,,,,,,,,,,,,,,,,,,,,,,,,,,,,,,,,,,,,,,,,,,,,,,,,,,,,,,,,,,,,,,,,,,,,,,,,,,,,,,,,,,,,,,,,,,,,,,,,,,,,,,,,,,,,,,
"t,","50,","51,"," 5.440037727355957,",,,50,51,,1.97,2.01,,"1.96850393700787,","2.00787401574803,",,"1.96850393700787,","2.00787401574803,",,,,,,,,,,,,,,,,,,,,,,,,,,,,,,,,,,,,,,,,,,,,,,,,,,,,,,,,,,,,,,,,,,,,,,,,,,,,,,,,,,,,,,,,,,,,,,,,,,,,,,,,,,,,,,,,,,,,,,,
"t,","59,","36,"," 5.487179279327393,",,,59,36,,2.32,1.42,,"2.32283464566929,","1.41732283464567,",,"2.32283464566929,","1.41732283464567,",,,,,,,,,,,,,,,,,,,,,,,,,,,,,,,,,,,,,,,,,,,,,,,,,,,,,,,,,,,,,,,,,,,,,,,,,,,,,,,,,,,,,,,,,,,,,,,,,,,,,,,,,,,,,,,,,,,,,,,
"t,","35,","34,"," 5.550535440444946,",,,35,34,,1.38,1.34,,"1.37795275590551,","1.33858267716535,",,"1.37795275590551,","1.33858267716535,",,,,,,,,,,,,,,,,,,,,,,,,,,,,,,,,,,,,,,,,,,,,,,,,,,,,,,,,,,,,,,,,,,,,,,,,,,,,,,,,,,,,,,,,,,,,,,,,,,,,,,,,,,,,,,,,,,,,,,,
"t,","57,","33,"," 5.595181226730347,",,,57,33,,2.24,1.30,,"2.24409448818898,","1.2992125984252,",,"2.24409448818898,","1.2992125984252,",,,,,,,,,,,,,,,,,,,,,,,,,,,,,,,,,,,,,,,,,,,,,,,,,,,,,,,,,,,,,,,,,,,,,,,,,,,,,,,,,,,,,,,,,,,,,,,,,,,,,,,,,,,,,,,,,,,,,,,
"t,","75,","29,"," 5.6476826667785645,",,,75,29,,2.95,1.14,,"2.95275590551181,","1.14173228346457,",,"2.95275590551181,","1.14173228346457,",,,,,,,,,,,,,,,,,,,,,,,,,,,,,,,,,,,,,,,,,,,,,,,,,,,,,,,,,,,,,,,,,,,,,,,,,,,,,,,,,,,,,,,,,,,,,,,,,,,,,,,,,,,,,,,,,,,,,,,
"t,","86,","16,"," 5.702798843383789,",,,86,16,,3.39,0.63,,"3.38582677165354,","0.62992125984252,",,"3.38582677165354,","0.62992125984252,",,,,,,,,,,,,,,,,,,,,,,,,,,,,,,,,,,,,,,,,,,,,,,,,,,,,,,,,,,,,,,,,,,,,,,,,,,,,,,,,,,,,,,,,,,,,,,,,,,,,,,,,,,,,,,,,,,,,,,,
"t,","43,","17,"," 5.73820948600769,",,,43,17,,1.69,0.67,,"1.69291338582677,","0.669291338582677,",,"1.69291338582677,","0.669291338582677,",,,,,,,,,,,,,,,,,,,,,,,,,,,,,,,,,,,,,,,,,,,,,,,,,,,,,,,,,,,,,,,,,,,,,,,,,,,,,,,,,,,,,,,,,,,,,,,,,,,,,,,,,,,,,,,,,,,,,,,
"t,","46,","24,"," 5.766616106033325,",,,46,24,,1.81,0.94,,"1.81102362204724,","0.94488188976378,",,"1.81102362204724,","0.94488188976378,",,,,,,,,,,,,,,,,,,,,,,,,,,,,,,,,,,,,,,,,,,,,,,,,,,,,,,,,,,,,,,,,,,,,,,,,,,,,,,,,,,,,,,,,,,,,,,,,,,,,,,,,,,,,,,,,,,,,,,,
"t,","35,","13,"," 5.8085150718688965,",,,35,13,,1.38,0.51,,"1.37795275590551,","0.511811023622047,",,"1.37795275590551,","0.511811023622047,",,,,,,,,,,,,,,,,,,,,,,,,,,,,,,,,,,,,,,,,,,,,,,,,,,,,,,,,,,,,,,,,,,,,,,,,,,,,,,,,,,,,,,,,,,,,,,,,,,,,,,,,,,,,,,,,,,,,,,,
"t,","37,","41,"," 5.847972869873047,",,,37,41,,1.46,1.61,,"1.45669291338583,","1.61417322834646,",,"1.45669291338583,","1.61417322834646,",,,,,,,,,,,,,,,,,,,,,,,,,,,,,,,,,,,,,,,,,,,,,,,,,,,,,,,,,,,,,,,,,,,,,,,,,,,,,,,,,,,,,,,,,,,,,,,,,,,,,,,,,,,,,,,,,,,,,,,
"t,","33,","53,"," 5.885896444320679,",,,33,53,,1.30,2.09,,"1.2992125984252,","2.08661417322835,",,"1.2992125984252,","2.08661417322835,",,,,,,,,,,,,,,,,,,,,,,,,,,,,,,,,,,,,,,,,,,,,,,,,,,,,,,,,,,,,,,,,,,,,,,,,,,,,,,,,,,,,,,,,,,,,,,,,,,,,,,,,,,,,,,,,,,,,,,,
"t,","83,","38,"," 5.952123403549194,",,,83,38,,3.27,1.50,,"3.26771653543307,","1.49606299212598,",,"3.26771653543307,","1.49606299212598,",,,,,,,,,,,,,,,,,,,,,,,,,,,,,,,,,,,,,,,,,,,,,,,,,,,,,,,,,,,,,,,,,,,,,,,,,,,,,,,,,,,,,,,,,,,,,,,,,,,,,,,,,,,,,,,,,,,,,,,
"t,","107,","27,"," 5.995136976242065,",,,107,27,,4.21,1.06,,"4.21259842519685,","1.06299212598425,",,"4.21259842519685,","1.06299212598425,",,,,,,,,,,,,,,,,,,,,,,,,,,,,,,,,,,,,,,,,,,,,,,,,,,,,,,,,,,,,,,,,,,,,,,,,,,,,,,,,,,,,,,,,,,,,,,,,,,,,,,,,,,,,,,,,,,,,,,,
"t,","77,","32,"," 6.0477893352508545,",,,77,32,,3.03,1.26,,"3.03149606299213,","1.25984251968504,",,"3.03149606299213,","1.25984251968504,",,,,,,,,,,,,,,,,,,,,,,,,,,,,,,,,,,,,,,,,,,,,,,,,,,,,,,,,,,,,,,,,,,,,,,,,,,,,,,,,,,,,,,,,,,,,,,,,,,,,,,,,,,,,,,,,,,,,,,,
"t,","84,","-19,"," 6.095179796218872,",,,84,-19,,3.31,-0.75,,"3.30708661417323,","-0.748031496062992,",,"3.30708661417323,","-0.748031496062992,",,,,,,,,,,,,,,,,,,,,,,,,,,,,,,,,,,,,,,,,,,,,,,,,,,,,,,,,,,,,,,,,,,,,,,,,,,,,,,,,,,,,,,,,,,,,,,,,,,,,,,,,,,,,,,,,,,,,,,,
"t,","57,","8,"," 6.144151210784912,",,,57,8,,2.24,0.31,,"2.24409448818898,","0.31496062992126,",,"2.24409448818898,","0.31496062992126,",,,,,,,,,,,,,,,,,,,,,,,,,,,,,,,,,,,,,,,,,,,,,,,,,,,,,,,,,,,,,,,,,,,,,,,,,,,,,,,,,,,,,,,,,,,,,,,,,,,,,,,,,,,,,,,,,,,,,,,
"t,","58,","25,"," 6.195597171783447,",,,58,25,,2.28,0.98,,"2.28346456692913,","0.984251968503937,",,"2.28346456692913,","0.984251968503937,",,,,,,,,,,,,,,,,,,,,,,,,,,,,,,,,,,,,,,,,,,,,,,,,,,,,,,,,,,,,,,,,,,,,,,,,,,,,,,,,,,,,,,,,,,,,,,,,,,,,,,,,,,,,,,,,,,,,,,,
"t,","86,","26,"," 6.239933490753174,",,,86,26,,3.39,1.02,,"3.38582677165354,","1.02362204724409,",,"3.38582677165354,","1.02362204724409,",,,,,,,,,,,,,,,,,,,,,,,,,,,,,,,,,,,,,,,,,,,,,,,,,,,,,,,,,,,,,,,,,,,,,,,,,,,,,,,,,,,,,,,,,,,,,,,,,,,,,,,,,,,,,,,,,,,,,,,
"t,","95,","-13,"," 6.301986217498779,",,,95,-13,,3.74,-0.51,,"3.74015748031496,","-0.511811023622047,",,"3.74015748031496,","-0.511811023622047,",,,,,,,,,,,,,,,,,,,,,,,,,,,,,,,,,,,,,,,,,,,,,,,,,,,,,,,,,,,,,,,,,,,,,,,,,,,,,,,,,,,,,,,,,,,,,,,,,,,,,,,,,,,,,,,,,,,,,,,
"t,","85,","12,"," 6.350689172744751,",,,85,12,,3.35,0.47,,"3.34645669291339,","0.47244094488189,",,"3.34645669291339,","0.47244094488189,",,,,,,,,,,,,,,,,,,,,,,,,,,,,,,,,,,,,,,,,,,,,,,,,,,,,,,,,,,,,,,,,,,,,,,,,,,,,,,,,,,,,,,,,,,,,,,,,,,,,,,,,,,,,,,,,,,,,,,,
"t,","86,","16,"," 6.398151874542236,",,,86,16,,3.39,0.63,,"3.38582677165354,","0.62992125984252,",,"3.38582677165354,","0.62992125984252,",,,,,,,,,,,,,,,,,,,,,,,,,,,,,,,,,,,,,,,,,,,,,,,,,,,,,,,,,,,,,,,,,,,,,,,,,,,,,,,,,,,,,,,,,,,,,,,,,,,,,,,,,,,,,,,,,,,,,,,
"t,","75,","-11,"," 6.447540044784546,",,,75,-11,,2.95,-0.43,,"2.95275590551181,","-0.433070866141732,",,"2.95275590551181,","-0.433070866141732,",,,,,,,,,,,,,,,,,,,,,,,,,,,,,,,,,,,,,,,,,,,,,,,,,,,,,,,,,,,,,,,,,,,,,,,,,,,,,,,,,,,,,,,,,,,,,,,,,,,,,,,,,,,,,,,,,,,,,,,
"t,","59,","-1,"," 6.503889560699463,",,,59,-1,,2.32,-0.04,,"2.32283464566929,","-0.0393700787401575,",,"2.32283464566929,","-0.0393700787401575,",,,,,,,,,,,,,,,,,,,,,,,,,,,,,,,,,,,,,,,,,,,,,,,,,,,,,,,,,,,,,,,,,,,,,,,,,,,,,,,,,,,,,,,,,,,,,,,,,,,,,,,,,,,,,,,,,,,,,,,
"t,","72,","34,"," 6.594150543212891,",,,72,34,,2.83,1.34,,"2.83464566929134,","1.33858267716535,",,"2.83464566929134,","1.33858267716535,",,,,,,,,,,,,,,,,,,,,,,,,,,,,,,,,,,,,,,,,,,,,,,,,,,,,,,,,,,,,,,,,,,,,,,,,,,,,,,,,,,,,,,,,,,,,,,,,,,,,,,,,,,,,,,,,,,,,,,,
"t,","87,","12,"," 6.635868072509766,",,,87,12,,3.43,0.47,,"3.4251968503937,","0.47244094488189,",,"3.4251968503937,","0.47244094488189,",,,,,,,,,,,,,,,,,,,,,,,,,,,,,,,,,,,,,,,,,,,,,,,,,,,,,,,,,,,,,,,,,,,,,,,,,,,,,,,,,,,,,,,,,,,,,,,,,,,,,,,,,,,,,,,,,,,,,,,
"t,","58,","36,"," 6.673157215118408,",,,58,36,,2.28,1.42,,"2.28346456692913,","1.41732283464567,",,"2.28346456692913,","1.41732283464567,",,,,,,,,,,,,,,,,,,,,,,,,,,,,,,,,,,,,,,,,,,,,,,,,,,,,,,,,,,,,,,,,,,,,,,,,,,,,,,,,,,,,,,,,,,,,,,,,,,,,,,,,,,,,,,,,,,,,,,,
"t,","64,","32,"," 6.738593101501465,",,,64,32,,2.52,1.26,,"2.51968503937008,","1.25984251968504,",,"2.51968503937008,","1.25984251968504,",,,,,,,,,,,,,,,,,,,,,,,,,,,,,,,,,,,,,,,,,,,,,,,,,,,,,,,,,,,,,,,,,,,,,,,,,,,,,,,,,,,,,,,,,,,,,,,,,,,,,,,,,,,,,,,,,,,,,,,
"t,","63,","19,"," 6.797063112258911,",,,63,19,,2.48,0.75,,"2.48031496062992,","0.748031496062992,",,"2.48031496062992,","0.748031496062992,",,,,,,,,,,,,,,,,,,,,,,,,,,,,,,,,,,,,,,,,,,,,,,,,,,,,,,,,,,,,,,,,,,,,,,,,,,,,,,,,,,,,,,,,,,,,,,,,,,,,,,,,,,,,,,,,,,,,,,,
"t,","80,","21,"," 6.829704523086548,",,,80,21,,3.15,0.83,,"3.1496062992126,","0.826771653543307,",,"3.1496062992126,","0.826771653543307,",,,,,,,,,,,,,,,,,,,,,,,,,,,,,,,,,,,,,,,,,,,,,,,,,,,,,,,,,,,,,,,,,,,,,,,,,,,,,,,,,,,,,,,,,,,,,,,,,,,,,,,,,,,,,,,,,,,,,,,
"t,","69,","-4,"," 6.860383749008179,",,,69,-4,,2.72,-0.16,,"2.71653543307087,","-0.15748031496063,",,"2.71653543307087,","-0.15748031496063,",,,,,,,,,,,,,,,,,,,,,,,,,,,,,,,,,,,,,,,,,,,,,,,,,,,,,,,,,,,,,,,,,,,,,,,,,,,,,,,,,,,,,,,,,,,,,,,,,,,,,,,,,,,,,,,,,,,,,,,
"t,","88,","23,"," 6.987278938293457,",,,88,23,,3.46,0.91,,"3.46456692913386,","0.905511811023622,",,"3.46456692913386,","0.905511811023622,",,,,,,,,,,,,,,,,,,,,,,,,,,,,,,,,,,,,,,,,,,,,,,,,,,,,,,,,,,,,,,,,,,,,,,,,,,,,,,,,,,,,,,,,,,,,,,,,,,,,,,,,,,,,,,,,,,,,,,,
"t,","102,","-4,"," 7.050623178482056,",,,102,-4,,4.02,-0.16,,"4.01574803149606,","-0.15748031496063,",,"4.01574803149606,","-0.15748031496063,",,,,,,,,,,,,,,,,,,,,,,,,,,,,,,,,,,,,,,,,,,,,,,,,,,,,,,,,,,,,,,,,,,,,,,,,,,,,,,,,,,,,,,,,,,,,,,,,,,,,,,,,,,,,,,,,,,,,,,,
"t,","69,","39,"," 7.098408460617065,",,,69,39,,2.72,1.54,,"2.71653543307087,","1.53543307086614,",,"2.71653543307087,","1.53543307086614,",,,,,,,,,,,,,,,,,,,,,,,,,,,,,,,,,,,,,,,,,,,,,,,,,,,,,,,,,,,,,,,,,,,,,,,,,,,,,,,,,,,,,,,,,,,,,,,,,,,,,,,,,,,,,,,,,,,,,,,
"t,","101,","23,"," 7.447912931442261,",,,101,23,,3.98,0.91,,"3.97637795275591,","0.905511811023622,",,"3.97637795275591,","0.905511811023622,",,,,,,,,,,,,,,,,,,,,,,,,,,,,,,,,,,,,,,,,,,,,,,,,,,,,,,,,,,,,,,,,,,,,,,,,,,,,,,,,,,,,,,,,,,,,,,,,,,,,,,,,,,,,,,,,,,,,,,,
"t,","55,","34,"," 7.5537824630737305,",,,55,34,,2.17,1.34,,"2.16535433070866,","1.33858267716535,",,"2.16535433070866,","1.33858267716535,",,,,,,,,,,,,,,,,,,,,,,,,,,,,,,,,,,,,,,,,,,,,,,,,,,,,,,,,,,,,,,,,,,,,,,,,,,,,,,,,,,,,,,,,,,,,,,,,,,,,,,,,,,,,,,,,,,,,,,,
"t,","57,","-18,"," 7.5950798988342285,",,,57,-18,,2.24,-0.71,,"2.24409448818898,","-0.708661417322835,",,"2.24409448818898,","-0.708661417322835,",,,,,,,,,,,,,,,,,,,,,,,,,,,,,,,,,,,,,,,,,,,,,,,,,,,,,,,,,,,,,,,,,,,,,,,,,,,,,,,,,,,,,,,,,,,,,,,,,,,,,,,,,,,,,,,,,,,,,,,
"t,","61,","-39,"," 7.639362335205078,",,,61,-39,,2.40,-1.54,,"2.40157480314961,","-1.53543307086614,",,"2.40157480314961,","-1.53543307086614,",,,,,,,,,,,,,,,,,,,,,,,,,,,,,,,,,,,,,,,,,,,,,,,,,,,,,,,,,,,,,,,,,,,,,,,,,,,,,,,,,,,,,,,,,,,,,,,,,,,,,,,,,,,,,,,,,,,,,,,
"t,","19,","-25,"," 7.667863368988037,",,,19,-25,,0.75,-0.98,,"0.748031496062992,","-0.984251968503937,",,"0.748031496062992,","-0.984251968503937,",,,,,,,,,,,,,,,,,,,,,,,,,,,,,,,,,,,,,,,,,,,,,,,,,,,,,,,,,,,,,,,,,,,,,,,,,,,,,,,,,,,,,,,,,,,,,,,,,,,,,,,,,,,,,,,,,,,,,,,
"t,","49,","-79,"," 7.804904937744141,",,,49,-79,,1.93,-3.11,,"1.92913385826772,","-3.11023622047244,",,"1.92913385826772,","-3.11023622047244,",,,,,,,,,,,,,,,,,,,,,,,,,,,,,,,,,,,,,,,,,,,,,,,,,,,,,,,,,,,,,,,,,,,,,,,,,,,,,,,,,,,,,,,,,,,,,,,,,,,,,,,,,,,,,,,,,,,,,,,
"t,","88,","-29,"," 7.855463266372681,",,,88,-29,,3.46,-1.14,,"3.46456692913386,","-1.14173228346457,",,"3.46456692913386,","-1.14173228346457,",,,,,,,,,,,,,,,,,,,,,,,,,,,,,,,,,,,,,,,,,,,,,,,,,,,,,,,,,,,,,,,,,,,,,,,,,,,,,,,,,,,,,,,,,,,,,,,,,,,,,,,,,,,,,,,,,,,,,,,
"t,","35,","-49,"," 7.89888072013855,",,,35,-49,,1.38,-1.93,,"1.37795275590551,","-1.92913385826772,",,"1.37795275590551,","-1.92913385826772,",,,,,,,,,,,,,,,,,,,,,,,,,,,,,,,,,,,,,,,,,,,,,,,,,,,,,,,,,,,,,,,,,,,,,,,,,,,,,,,,,,,,,,,,,,,,,,,,,,,,,,,,,,,,,,,,,,,,,,,
"t,","75,","-22,"," 7.961617469787598,",,,75,-22,,2.95,-0.87,,"2.95275590551181,","-0.866141732283465,",,"2.95275590551181,","-0.866141732283465,",,,,,,,,,,,,,,,,,,,,,,,,,,,,,,,,,,,,,,,,,,,,,,,,,,,,,,,,,,,,,,,,,,,,,,,,,,,,,,,,,,,,,,,,,,,,,,,,,,,,,,,,,,,,,,,,,,,,,,,
"t,","14,","-125,"," 8.032304286956787,",,,14,-125,,0.55,-4.92,,"0.551181102362205,","-4.92125984251969,",,"0.551181102362205,","-4.92125984251969,",,,,,,,,,,,,,,,,,,,,,,,,,,,,,,,,,,,,,,,,,,,,,,,,,,,,,,,,,,,,,,,,,,,,,,,,,,,,,,,,,,,,,,,,,,,,,,,,,,,,,,,,,,,,,,,,,,,,,,,
"t,","50,","25,"," 8.104344367980957,",,,50,25,,1.97,0.98,,"1.96850393700787,","0.984251968503937,",,"1.96850393700787,","0.984251968503937,",,,,,,,,,,,,,,,,,,,,,,,,,,,,,,,,,,,,,,,,,,,,,,,,,,,,,,,,,,,,,,,,,,,,,,,,,,,,,,,,,,,,,,,,,,,,,,,,,,,,,,,,,,,,,,,,,,,,,,,
"t,","57,","-77,"," 8.199593544006348,",,,57,-77,,2.24,-3.03,,"2.24409448818898,","-3.03149606299213,",,"2.24409448818898,","-3.03149606299213,",,,,,,,,,,,,,,,,,,,,,,,,,,,,,,,,,,,,,,,,,,,,,,,,,,,,,,,,,,,,,,,,,,,,,,,,,,,,,,,,,,,,,,,,,,,,,,,,,,,,,,,,,,,,,,,,,,,,,,,
"t,","63,","61,"," 8.295241355895996,",,,63,61,,2.48,2.40,,"2.48031496062992,","2.40157480314961,",,"2.48031496062992,","2.40157480314961,",,,,,,,,,,,,,,,,,,,,,,,,,,,,,,,,,,,,,,,,,,,,,,,,,,,,,,,,,,,,,,,,,,,,,,,,,,,,,,,,,,,,,,,,,,,,,,,,,,,,,,,,,,,,,,,,,,,,,,,
"t,","41,","38,"," 8.351545095443726,",,,41,38,,1.61,1.50,,"1.61417322834646,","1.49606299212598,",,"1.61417322834646,","1.49606299212598,",,,,,,,,,,,,,,,,,,,,,,,,,,,,,,,,,,,,,,,,,,,,,,,,,,,,,,,,,,,,,,,,,,,,,,,,,,,,,,,,,,,,,,,,,,,,,,,,,,,,,,,,,,,,,,,,,,,,,,,
"t,","56,","30,"," 8.395458221435547,",,,56,30,,2.20,1.18,,"2.20472440944882,","1.18110236220472,",,"2.20472440944882,","1.18110236220472,",,,,,,,,,,,,,,,,,,,,,,,,,,,,,,,,,,,,,,,,,,,,,,,,,,,,,,,,,,,,,,,,,,,,,,,,,,,,,,,,,,,,,,,,,,,,,,,,,,,,,,,,,,,,,,,,,,,,,,,
"t,","94,","-11,"," 8.43235969543457,",,,94,-11,,3.70,-0.43,,"3.7007874015748,","-0.433070866141732,",,"3.7007874015748,","-0.433070866141732,",,,,,,,,,,,,,,,,,,,,,,,,,,,,,,,,,,,,,,,,,,,,,,,,,,,,,,,,,,,,,,,,,,,,,,,,,,,,,,,,,,,,,,,,,,,,,,,,,,,,,,,,,,,,,,,,,,,,,,,
"t,","21,","8,"," 8.463326930999756,",,,21,8,,0.83,0.31,,"0.826771653543307,","0.31496062992126,",,"0.826771653543307,","0.31496062992126,",,,,,,,,,,,,,,,,,,,,,,,,,,,,,,,,,,,,,,,,,,,,,,,,,,,,,,,,,,,,,,,,,,,,,,,,,,,,,,,,,,,,,,,,,,,,,,,,,,,,,,,,,,,,,,,,,,,,,,,
"t,","30,","-12,"," 8.496195077896118,",,,30,-12,,1.18,-0.47,,"1.18110236220472,","-0.47244094488189,",,"1.18110236220472,","-0.47244094488189,",,,,,,,,,,,,,,,,,,,,,,,,,,,,,,,,,,,,,,,,,,,,,,,,,,,,,,,,,,,,,,,,,,,,,,,,,,,,,,,,,,,,,,,,,,,,,,,,,,,,,,,,,,,,,,,,,,,,,,,
"t,","26,","-38,"," 8.554067373275757,",,,26,-38,,1.02,-1.50,,"1.02362204724409,","-1.49606299212598,",,"1.02362204724409,","-1.49606299212598,",,,,,,,,,,,,,,,,,,,,,,,,,,,,,,,,,,,,,,,,,,,,,,,,,,,,,,,,,,,,,,,,,,,,,,,,,,,,,,,,,,,,,,,,,,,,,,,,,,,,,,,,,,,,,,,,,,,,,,,
"t,","45,","1,"," 8.791519403457642,",,,45,1,,1.77,0.04,,"1.77165354330709,","0.0393700787401575,",,"1.77165354330709,","0.0393700787401575,",,,,,,,,,,,,,,,,,,,,,,,,,,,,,,,,,,,,,,,,,,,,,,,,,,,,,,,,,,,,,,,,,,,,,,,,,,,,,,,,,,,,,,,,,,,,,,,,,,,,,,,,,,,,,,,,,,,,,,,
"t,","93,","2,"," 8.89223575592041,",,,93,2,,3.66,0.08,,"3.66141732283465,","0.078740157480315,",,"3.66141732283465,","0.078740157480315,",,,,,,,,,,,,,,,,,,,,,,,,,,,,,,,,,,,,,,,,,,,,,,,,,,,,,,,,,,,,,,,,,,,,,,,,,,,,,,,,,,,,,,,,,,,,,,,,,,,,,,,,,,,,,,,,,,,,,,,
"t,","51,","-21,"," 9.706957340240479,",,,51,-21,,2.01,-0.83,,"2.00787401574803,","-0.826771653543307,",,"2.00787401574803,","-0.826771653543307,",,,,,,,,,,,,,,,,,,,,,,,,,,,,,,,,,,,,,,,,,,,,,,,,,,,,,,,,,,,,,,,,,,,,,,,,,,,,,,,,,,,,,,,,,,,,,,,,,,,,,,,,,,,,,,,,,,,,,,,
"t,","-15,","17,"," 10.268837928771973,",,,-15,17,,-0.59,0.67,,"-0.590551181102362,","0.669291338582677,",,"-0.590551181102362,","0.669291338582677,",,,,,,,,,,,,,,,,,,,,,,,,,,,,,,,,,,,,,,,,,,,,,,,,,,,,,,,,,,,,,,,,,,,,,,,,,,,,,,,,,,,,,,,,,,,,,,,,,,,,,,,,,,,,,,,,,,,,,,,
"t,","1,","-119,"," 10.34730863571167,",,,1,-119,,0.04,-4.69,,"0.0393700787401575,","-4.68503937007874,",,"0.0393700787401575,","-4.68503937007874,",,,,,,,,,,,,,,,,,,,,,,,,,,,,,,,,,,,,,,,,,,,,,,,,,,,,,,,,,,,,,,,,,,,,,,,,,,,,,,,,,,,,,,,,,,,,,,,,,,,,,,,,,,,,,,,,,,,,,,,
"t,","13,","-135,"," 10.406938791275024,",,,13,-135,,0.51,-5.31,,"0.511811023622047,","-5.31496062992126,",,"0.511811023622047,","-5.31496062992126,",,,,,,,,,,,,,,,,,,,,,,,,,,,,,,,,,,,,,,,,,,,,,,,,,,,,,,,,,,,,,,,,,,,,,,,,,,,,,,,,,,,,,,,,,,,,,,,,,,,,,,,,,,,,,,,,,,,,,,,
"t,","18,","-80,"," 12.128625869750977,",,,18,-80,,0.71,-3.15,,"0.708661417322835,","-3.1496062992126,",,"0.708661417322835,","-3.1496062992126,",,,,,,,,,,,,,,,,,,,,,,,,,,,,,,,,,,,,,,,,,,,,,,,,,,,,,,,,,,,,,,,,,,,,,,,,,,,,,,,,,,,,,,,,,,,,,,,,,,,,,,,,,,,,,,,,,,,,,,,
"t,","26,","-20,"," 12.165273427963257,",,,26,-20,,1.02,-0.79,,"1.02362204724409,","-0.78740157480315,",,"1.02362204724409,","-0.78740157480315,",,,,,,,,,,,,,,,,,,,,,,,,,,,,,,,,,,,,,,,,,,,,,,,,,,,,,,,,,,,,,,,,,,,,,,,,,,,,,,,,,,,,,,,,,,,,,,,,,,,,,,,,,,,,,,,,,,,,,,,
"t,","42,","-77,"," 12.205106258392334,",,,42,-77,,1.65,-3.03,,"1.65354330708661,","-3.03149606299213,",,"1.65354330708661,","-3.03149606299213,",,,,,,,,,,,,,,,,,,,,,,,,,,,,,,,,,,,,,,,,,,,,,,,,,,,,,,,,,,,,,,,,,,,,,,,,,,,,,,,,,,,,,,,,,,,,,,,,,,,,,,,,,,,,,,,,,,,,,,,
"t,","5,","-76,"," 12.255870580673218,",,,5,-76,,0.20,-2.99,,"0.196850393700787,","-2.99212598425197,",,"0.196850393700787,","-2.99212598425197,",,,,,,,,,,,,,,,,,,,,,,,,,,,,,,,,,,,,,,,,,,,,,,,,,,,,,,,,,,,,,,,,,,,,,,,,,,,,,,,,,,,,,,,,,,,,,,,,,,,,,,,,,,,,,,,,,,,,,,,
"t,","-13,","-45,"," 12.322219848632812,",,,-13,-45,,-0.51,-1.77,,"-0.511811023622047,","-1.77165354330709,",,"-0.511811023622047,","-1.77165354330709,",,,,,,,,,,,,,,,,,,,,,,,,,,,,,,,,,,,,,,,,,,,,,,,,,,,,,,,,,,,,,,,,,,,,,,,,,,,,,,,,,,,,,,,,,,,,,,,,,,,,,,,,,,,,,,,,,,,,,,,
"t,","66,","15,"," 13.177741765975952,",,,66,15,,2.60,0.59,,"2.59842519685039,","0.590551181102362,",,"2.59842519685039,","0.590551181102362,",,,,,,,,,,,,,,,,,,,,,,,,,,,,,,,,,,,,,,,,,,,,,,,,,,,,,,,,,,,,,,,,,,,,,,,,,,,,,,,,,,,,,,,,,,,,,,,,,,,,,,,,,,,,,,,,,,,,,,,
"t,","63,","16,"," 13.220935344696045,",,,63,16,,2.48,0.63,,"2.48031496062992,","0.62992125984252,",,"2.48031496062992,","0.62992125984252,",,,,,,,,,,,,,,,,,,,,,,,,,,,,,,,,,,,,,,,,,,,,,,,,,,,,,,,,,,,,,,,,,,,,,,,,,,,,,,,,,,,,,,,,,,,,,,,,,,,,,,,,,,,,,,,,,,,,,,,
"t,","96,","26,"," 13.819305419921875,",,,96,26,,3.78,1.02,,"3.77952755905512,","1.02362204724409,",,"3.77952755905512,","1.02362204724409,",,,,,,,,,,,,,,,,,,,,,,,,,,,,,,,,,,,,,,,,,,,,,,,,,,,,,,,,,,,,,,,,,,,,,,,,,,,,,,,,,,,,,,,,,,,,,,,,,,,,,,,,,,,,,,,,,,,,,,,
"t,","93,","15,"," 13.874513626098633,",,,93,15,,3.66,0.59,,"3.66141732283465,","0.590551181102362,",,"3.66141732283465,","0.590551181102362,",,,,,,,,,,,,,,,,,,,,,,,,,,,,,,,,,,,,,,,,,,,,,,,,,,,,,,,,,,,,,,,,,,,,,,,,,,,,,,,,,,,,,,,,,,,,,,,,,,,,,,,,,,,,,,,,,,,,,,,
"t,","102,","10,"," 13.912845373153687,",,,102,10,,4.02,0.39,,"4.01574803149606,","0.393700787401575,",,"4.01574803149606,","0.393700787401575,",,,,,,,,,,,,,,,,,,,,,,,,,,,,,,,,,,,,,,,,,,,,,,,,,,,,,,,,,,,,,,,,,,,,,,,,,,,,,,,,,,,,,,,,,,,,,,,,,,,,,,,,,,,,,,,,,,,,,,,
"t,","98,","-1,"," 13.956334590911865,",,,98,-1,,3.86,-0.04,,"3.85826771653543,","-0.0393700787401575,",,"3.85826771653543,","-0.0393700787401575,",,,,,,,,,,,,,,,,,,,,,,,,,,,,,,,,,,,,,,,,,,,,,,,,,,,,,,,,,,,,,,,,,,,,,,,,,,,,,,,,,,,,,,,,,,,,,,,,,,,,,,,,,,,,,,,,,,,,,,,
"t,","93,","0,"," 13.986233711242676,",,,93,0,,3.66,0.00,,"3.66141732283465,","0,",,"3.66141732283465,","0,",,,,,,,,,,,,,,,,,,,,,,,,,,,,,,,,,,,,,,,,,,,,,,,,,,,,,,,,,,,,,,,,,,,,,,,,,,,,,,,,,,,,,,,,,,,,,,,,,,,,,,,,,,,,,,,,,,,,,,,
"t,","98,","3,"," 14.017420768737793,",,,98,3,,3.86,0.12,,"3.85826771653543,","0.118110236220472,",,"3.85826771653543,","0.118110236220472,",,,,,,,,,,,,,,,,,,,,,,,,,,,,,,,,,,,,,,,,,,,,,,,,,,,,,,,,,,,,,,,,,,,,,,,,,,,,,,,,,,,,,,,,,,,,,,,,,,,,,,,,,,,,,,,,,,,,,,,
"t,","101,","-2,"," 14.0618736743927,",,,101,-2,,3.98,-0.08,,"3.97637795275591,","-0.078740157480315,",,"3.97637795275591,","-0.078740157480315,",,,,,,,,,,,,,,,,,,,,,,,,,,,,,,,,,,,,,,,,,,,,,,,,,,,,,,,,,,,,,,,,,,,,,,,,,,,,,,,,,,,,,,,,,,,,,,,,,,,,,,,,,,,,,,,,,,,,,,,
"t,","97,","-1,"," 14.107521772384644,",,,97,-1,,3.82,-0.04,,"3.81889763779528,","-0.0393700787401575,",,"3.81889763779528,","-0.0393700787401575,",,,,,,,,,,,,,,,,,,,,,,,,,,,,,,,,,,,,,,,,,,,,,,,,,,,,,,,,,,,,,,,,,,,,,,,,,,,,,,,,,,,,,,,,,,,,,,,,,,,,,,,,,,,,,,,,,,,,,,,
"t,","92,","0,"," 14.158464431762695,",,,92,0,,3.62,0.00,,"3.62204724409449,","0,",,"3.62204724409449,","0,",,,,,,,,,,,,,,,,,,,,,,,,,,,,,,,,,,,,,,,,,,,,,,,,,,,,,,,,,,,,,,,,,,,,,,,,,,,,,,,,,,,,,,,,,,,,,,,,,,,,,,,,,,,,,,,,,,,,,,,
"t,","88,","-5,"," 14.219776153564453,",,,88,-5,,3.46,-0.20,,"3.46456692913386,","-0.196850393700787,",,"3.46456692913386,","-0.196850393700787,",,,,,,,,,,,,,,,,,,,,,,,,,,,,,,,,,,,,,,,,,,,,,,,,,,,,,,,,,,,,,,,,,,,,,,,,,,,,,,,,,,,,,,,,,,,,,,,,,,,,,,,,,,,,,,,,,,,,,,,
,,,,,,,,,,,,,,,,,,,,,,,,,,,,,,,,,,,,,,,,,,,,,,,,,,,,,,,,,,,,,,,,,,,,,,,,,,,,,,,,,,,,,,,,,,,,,,,,,,,,,,,,,,,,,,,,,,,,,,,,,,,,,,,,,,,,,,,
"t,","t,","t,","t,","t,","t,","t,","t,","t,","t,","t,","t,","t,","t,","t,","t,","t,","t,","t,","t,","t,","t,","t,","t,","t,","t,","t,","t,","t,","t,","t,","t,","t,","t,","t,","t,","t,","t,","t,","t,","t,","t,","t,","t,","t,","t,","t,","t,","t,","t,","t,","t,","t,","t,","t,","t,","t,","t,","t,","t,","t,","t,","t,","t,","t,","t,","t,","t,","t,","t,","t,","t,","t,","t,","t,","t,","t,","t,","t,","t,","t,","t,","t,","t,","t,","t,","t,","t,","t,","t,","t,","t,","t,","t,","t,","t,","t,","t,","t,","t,","t,","t,","t,","t,","t,","t,","t,","t,","t,","t,","t,","t,","t,","t,","t,","t,","t,","t,","t,","t,","t,","t,","t,","t,","t,","t,","t,","t,","t,","t,","t,","t,","t,","t,","t,","t,"
"29,","31,","91,","58,","72,","84,","84,","75,","110,","114,","107,","98,","74,","61,","61,","58,","36,","61,","85,","81,","44,","89,","110,","130,","124,","121,","118,","108,","105,","105,","92,","59,","62,","47,","41,","100,","36,","39,","37,","37,","77,","54,","43,","50,","50,","45,","43,","53,","50,","57,","60,","47,","39,","39,","34,","48,","48,","58,","66,","57,","56,","50,","59,","35,","57,","75,","86,","43,","46,","35,","37,","33,","83,","107,","77,","84,","57,","58,","86,","95,","85,","86,","75,","59,","72,","87,","58,","64,","63,","80,","69,","88,","102,","69,","101,","55,","57,","61,","19,","49,","88,","35,","75,","14,","50,","57,","63,","41,","56,","94,","21,","30,","26,","45,","93,","51,","-15,","1,","13,","18,","26,","42,","5,","-13,","66,","63,","96,","93,","102,","98,","93,","98,","101,","97,","92,","88,"
"4,","7,","-63,","-42,","-27,","-73,","-100,","-117,","-36,","-38,","-33,","-38,","-50,","-54,","-72,","-51,","-19,","-24,","-44,","-34,","-10,","-71,","-36,","-38,","22,","9,","4,","18,","10,","-5,","17,","3,","6,","-10,","-5,","-23,","15,","17,","13,","27,","-115,","9,","16,","18,","41,","36,","40,","37,","36,","33,","9,","40,","43,","45,","44,","28,","44,","45,","36,","34,","23,","51,","36,","34,","33,","29,","16,","17,","24,","13,","41,","53,","38,","27,","32,","-19,","8,","25,","26,","-13,","12,","16,","-11,","-1,","34,","12,","36,","32,","19,","21,","-4,","23,","-4,","39,","23,","34,","-18,","-39,","-25,","-79,","-29,","-49,","-22,","-125,","25,","-77,","61,","38,","30,","-11,","8,","-12,","-38,","1,","2,","-21,","17,","-119,","-135,","-80,","-20,","-77,","-76,","-45,","15,","16,","26,","15,","10,","-1,","0,","3,","-2,","-1,","0,","-5,"
" 2.37900972366333,"," 2.443086862564087,"," 2.728898763656616,"," 2.7849035263061523,"," 2.83512806892395,"," 2.878408193588257,"," 2.9532225131988525,"," 2.9918668270111084,"," 3.0441133975982666,"," 3.088789939880371,"," 3.1342833042144775,"," 3.1850662231445312,"," 3.2276265621185303,"," 3.295459032058716,"," 3.3435027599334717,"," 3.392287492752075,"," 3.435490608215332,"," 3.4787254333496094,"," 3.510849714279175,"," 3.54058837890625,"," 3.5820510387420654,"," 3.6390304565429688,"," 3.7012879848480225,"," 3.7420127391815186,"," 3.791975259780884,"," 3.8398313522338867,"," 3.8712494373321533,"," 3.9018359184265137,"," 3.9356653690338135,"," 3.983764171600342,"," 4.049932479858398,"," 4.094818592071533,"," 4.138554334640503,"," 4.168176651000977,"," 4.2015745639801025,"," 4.2469482421875,"," 4.29488468170166,"," 4.322298765182495,"," 4.37811017036438,"," 4.444447994232178,"," 4.494203329086304,"," 4.547532558441162,"," 4.582574844360352,"," 4.635995388031006,"," 4.685564756393433,"," 4.7305309772491455,"," 4.800760984420776,"," 4.843681812286377,"," 4.894083499908447,"," 4.943371057510376,"," 4.9908928871154785,"," 5.035663604736328,"," 5.087003469467163,"," 5.134377956390381,"," 5.177038669586182,"," 5.206648349761963,"," 5.246828317642212,"," 5.295319557189941,"," 5.3393659591674805,"," 5.379717588424683,"," 5.410040616989136,"," 5.440037727355957,"," 5.487179279327393,"," 5.550535440444946,"," 5.595181226730347,"," 5.6476826667785645,"," 5.702798843383789,"," 5.73820948600769,"," 5.766616106033325,"," 5.8085150718688965,"," 5.847972869873047,"," 5.885896444320679,"," 5.952123403549194,"," 5.995136976242065,"," 6.0477893352508545,"," 6.095179796218872,"," 6.144151210784912,"," 6.195597171783447,"," 6.239933490753174,"," 6.301986217498779,"," 6.350689172744751,"," 6.398151874542236,"," 6.447540044784546,"," 6.503889560699463,"," 6.594150543212891,"," 6.635868072509766,"," 6.673157215118408,"," 6.738593101501465,"," 6.797063112258911,"," 6.829704523086548,"," 6.860383749008179,"," 6.987278938293457,"," 7.050623178482056,"," 7.098408460617065,"," 7.447912931442261,"," 7.5537824630737305,"," 7.5950798988342285,"," 7.639362335205078,"," 7.667863368988037,"," 7.804904937744141,"," 7.855463266372681,"," 7.89888072013855,"," 7.961617469787598,"," 8.032304286956787,"," 8.104344367980957,"," 8.199593544006348,"," 8.295241355895996,"," 8.351545095443726,"," 8.395458221435547,"," 8.43235969543457,"," 8.463326930999756,"," 8.496195077896118,"," 8.554067373275757,"," 8.791519403457642,"," 8.89223575592041,"," 9.706957340240479,"," 10.268837928771973,"," 10.34730863571167,"," 10.406938791275024,"," 12.128625869750977,"," 12.165273427963257,"," 12.205106258392334,"," 12.255870580673218,"," 12.322219848632812,"," 13.177741765975952,"," 13.220935344696045,"," 13.819305419921875,"," 13.874513626098633,"," 13.912845373153687,"," 13.956334590911865,"," 13.986233711242676,"," 14.017420768737793,"," 14.0618736743927,"," 14.107521772384644,"," 14.158464431762695,"," 14.219776153564453,"
,,,,,,,,,,,,,,,,,,,,,,,,,,,,,,,,,,,,,,,,,,,,,,,,,,,,,,,,,,,,,,,,,,,,,,,,,,,,,,,,,,,,,,,,,,,,,,,,,,,,,,,,,,,,,,,,,,,,,,,,,,,,,,,,,,,,,,,
,,,,,,,,,,,,,,,,,,,,,,,,,,,,,,,,,,,,,,,,,,,,,,,,,,,,,,,,,,,,,,,,,,,,,,,,,,,,,,,,,,,,,,,,,,,,,,,,,,,,,,,,,,,,,,,,,,,,,,,,,,,,,,,,,,,,,,,
"1.14173228346457,","1.22047244094488,","3.58267716535433,","2.28346456692913,","2.83464566929134,","3.30708661417323,","3.30708661417323,","2.95275590551181,","4.33070866141732,","4.48818897637795,","4.21259842519685,","3.85826771653543,","2.91338582677165,","2.40157480314961,","2.40157480314961,","2.28346456692913,","1.41732283464567,","2.40157480314961,","3.34645669291339,","3.18897637795276,","1.73228346456693,","3.50393700787402,","4.33070866141732,","5.11811023622047,","4.88188976377953,","4.76377952755906,","4.64566929133858,","4.25196850393701,","4.13385826771654,","4.13385826771654,","3.62204724409449,","2.32283464566929,","2.44094488188976,","1.8503937007874,","1.61417322834646,","3.93700787401575,","1.41732283464567,","1.53543307086614,","1.45669291338583,","1.45669291338583,","3.03149606299213,","2.1259842519685,","1.69291338582677,","1.96850393700787,","1.96850393700787,","1.77165354330709,","1.69291338582677,","2.08661417322835,","1.96850393700787,","2.24409448818898,","2.36220472440945,","1.8503937007874,","1.53543307086614,","1.53543307086614,","1.33858267716535,","1.88976377952756,","1.88976377952756,","2.28346456692913,","2.59842519685039,","2.24409448818898,","2.20472440944882,","1.96850393700787,","2.32283464566929,","1.37795275590551,","2.24409448818898,","2.95275590551181,","3.38582677165354,","1.69291338582677,","1.81102362204724,","1.37795275590551,","1.45669291338583,","1.2992125984252,","3.26771653543307,","4.21259842519685,","3.03149606299213,","3.30708661417323,","2.24409448818898,","2.28346456692913,","3.38582677165354,","3.74015748031496,","3.34645669291339,","3.38582677165354,","2.95275590551181,","2.32283464566929,","2.83464566929134,","3.4251968503937,","2.28346456692913,","2.51968503937008,","2.48031496062992,","3.1496062992126,","2.71653543307087,","3.46456692913386,","4.01574803149606,","2.71653543307087,","3.97637795275591,","2.16535433070866,","2.24409448818898,","2.40157480314961,","0.748031496062992,","1.92913385826772,","3.46456692913386,","1.37795275590551,","2.95275590551181,","0.551181102362205,","1.96850393700787,","2.24409448818898,","2.48031496062992,","1.61417322834646,","2.20472440944882,","3.7007874015748,","0.826771653543307,","1.18110236220472,","1.02362204724409,","1.77165354330709,","3.66141732283465,","2.00787401574803,","-0.590551181102362,","0.0393700787401575,","0.511811023622047,","0.708661417322835,","1.02362204724409,","1.65354330708661,","0.196850393700787,","-0.511811023622047,","2.59842519685039,","2.48031496062992,","3.77952755905512,","3.66141732283465,","4.01574803149606,","3.85826771653543,","3.66141732283465,","3.85826771653543,","3.97637795275591,","3.81889763779528,","3.62204724409449,","3.46456692913386,"
"0.15748031496063,","0.275590551181102,","-2.48031496062992,","-1.65354330708661,","-1.06299212598425,","-2.8740157480315,","-3.93700787401575,","-4.60629921259843,","-1.41732283464567,","-1.49606299212598,","-1.2992125984252,","-1.49606299212598,","-1.96850393700787,","-2.1259842519685,","-2.83464566929134,","-2.00787401574803,","-0.748031496062992,","-0.94488188976378,","-1.73228346456693,","-1.33858267716535,","-0.393700787401575,","-2.79527559055118,","-1.41732283464567,","-1.49606299212598,","0.866141732283465,","0.354330708661417,","0.15748031496063,","0.708661417322835,","0.393700787401575,","-0.196850393700787,","0.669291338582677,","0.118110236220472,","0.236220472440945,","-0.393700787401575,","-0.196850393700787,","-0.905511811023622,","0.590551181102362,","0.669291338582677,","0.511811023622047,","1.06299212598425,","-4.52755905511811,","0.354330708661417,","0.62992125984252,","0.708661417322835,","1.61417322834646,","1.41732283464567,","1.5748031496063,","1.45669291338583,","1.41732283464567,","1.2992125984252,","0.354330708661417,","1.5748031496063,","1.69291338582677,","1.77165354330709,","1.73228346456693,","1.10236220472441,","1.73228346456693,","1.77165354330709,","1.41732283464567,","1.33858267716535,","0.905511811023622,","2.00787401574803,","1.41732283464567,","1.33858267716535,","1.2992125984252,","1.14173228346457,","0.62992125984252,","0.669291338582677,","0.94488188976378,","0.511811023622047,","1.61417322834646,","2.08661417322835,","1.49606299212598,","1.06299212598425,","1.25984251968504,","-0.748031496062992,","0.31496062992126,","0.984251968503937,","1.02362204724409,","-0.511811023622047,","0.47244094488189,","0.62992125984252,","-0.433070866141732,","-0.0393700787401575,","1.33858267716535,","0.47244094488189,","1.41732283464567,","1.25984251968504,","0.748031496062992,","0.826771653543307,","-0.15748031496063,","0.905511811023622,","-0.15748031496063,","1.53543307086614,","0.905511811023622,","1.33858267716535,","-0.708661417322835,","-1.53543307086614,","-0.984251968503937,","-3.11023622047244,","-1.14173228346457,","-1.92913385826772,","-0.866141732283465,","-4.92125984251969,","0.984251968503937,","-3.03149606299213,","2.40157480314961,","1.49606299212598,","1.18110236220472,","-0.433070866141732,","0.31496062992126,","-0.47244094488189,","-1.49606299212598,","0.0393700787401575,","0.078740157480315,","-0.826771653543307,","0.669291338582677,","-4.68503937007874,","-5.31496062992126,","-3.1496062992126,","-0.78740157480315,","-3.03149606299213,","-2.99212598425197,","-1.77165354330709,","0.590551181102362,","0.62992125984252,","1.02362204724409,","0.590551181102362,","0.393700787401575,","-0.0393700787401575,","0,","0.118110236220472,","-0.078740157480315,","-0.0393700787401575,","0,","-0.196850393700787,"
" 2.37900972366333,"," 2.443086862564087,"," 2.728898763656616,"," 2.7849035263061523,"," 2.83512806892395,"," 2.878408193588257,"," 2.9532225131988525,"," 2.9918668270111084,"," 3.0441133975982666,"," 3.088789939880371,"," 3.1342833042144775,"," 3.1850662231445312,"," 3.2276265621185303,"," 3.295459032058716,"," 3.3435027599334717,"," 3.392287492752075,"," 3.435490608215332,"," 3.4787254333496094,"," 3.510849714279175,"," 3.54058837890625,"," 3.5820510387420654,"," 3.6390304565429688,"," 3.7012879848480225,"," 3.7420127391815186,"," 3.791975259780884,"," 3.8398313522338867,"," 3.8712494373321533,"," 3.9018359184265137,"," 3.9356653690338135,"," 3.983764171600342,"," 4.049932479858398,"," 4.094818592071533,"," 4.138554334640503,"," 4.168176651000977,"," 4.2015745639801025,"," 4.2469482421875,"," 4.29488468170166,"," 4.322298765182495,"," 4.37811017036438,"," 4.444447994232178,"," 4.494203329086304,"," 4.547532558441162,"," 4.582574844360352,"," 4.635995388031006,"," 4.685564756393433,"," 4.7305309772491455,"," 4.800760984420776,"," 4.843681812286377,"," 4.894083499908447,"," 4.943371057510376,"," 4.9908928871154785,"," 5.035663604736328,"," 5.087003469467163,"," 5.134377956390381,"," 5.177038669586182,"," 5.206648349761963,"," 5.246828317642212,"," 5.295319557189941,"," 5.3393659591674805,"," 5.379717588424683,"," 5.410040616989136,"," 5.440037727355957,"," 5.487179279327393,"," 5.550535440444946,"," 5.595181226730347,"," 5.6476826667785645,"," 5.702798843383789,"," 5.73820948600769,"," 5.766616106033325,"," 5.8085150718688965,"," 5.847972869873047,"," 5.885896444320679,"," 5.952123403549194,"," 5.995136976242065,"," 6.0477893352508545,"," 6.095179796218872,"," 6.144151210784912,"," 6.195597171783447,"," 6.239933490753174,"," 6.301986217498779,"," 6.350689172744751,"," 6.398151874542236,"," 6.447540044784546,"," 6.503889560699463,"," 6.594150543212891,"," 6.635868072509766,"," 6.673157215118408,"," 6.738593101501465,"," 6.797063112258911,"," 6.829704523086548,"," 6.860383749008179,"," 6.987278938293457,"," 7.050623178482056,"," 7.098408460617065,"," 7.447912931442261,"," 7.5537824630737305,"," 7.5950798988342285,"," 7.639362335205078,"," 7.667863368988037,"," 7.804904937744141,"," 7.855463266372681,"," 7.89888072013855,"," 7.961617469787598,"," 8.032304286956787,"," 8.104344367980957,"," 8.199593544006348,"," 8.295241355895996,"," 8.351545095443726,"," 8.395458221435547,"," 8.43235969543457,"," 8.463326930999756,"," 8.496195077896118,"," 8.554067373275757,"," 8.791519403457642,"," 8.89223575592041,"," 9.706957340240479,"," 10.268837928771973,"," 10.34730863571167,"," 10.406938791275024,"," 12.128625869750977,"," 12.165273427963257,"," 12.205106258392334,"," 12.255870580673218,"," 12.322219848632812,"," 13.177741765975952,"," 13.220935344696045,"," 13.819305419921875,"," 13.874513626098633,"," 13.912845373153687,"," 13.956334590911865,"," 13.986233711242676,"," 14.017420768737793,"," 14.0618736743927,"," 14.107521772384644,"," 14.158464431762695,"," 14.219776153564453,"
